;ts;km
TrafficJam;1;1
TrafficJam;2;2
TrafficJam;3;3
TrafficJam;4;4
TrafficJam;5;5
TrafficJam;6;6
TrafficJam;7;7
TrafficJam;8;8
TrafficJam;9;9
TrafficJam;10;10
TrafficJam;11;11
TrafficJam;12;12
TrafficJam;13;13
TrafficJam;14;14
TrafficJam;15;15
TrafficJam;16;16
TrafficJam;17;17
TrafficJam;18;18
TrafficJam;19;19
TrafficJam;20;20
TrafficJam;21;21
TrafficJam;22;22
TrafficJam;23;23
TrafficJam;24;24
TrafficJam;25;25
TrafficJam;26;26
TrafficJam;27;27
TrafficJam;28;28
TrafficJam;29;29
TrafficJam;30;30
TrafficJam;31;31
TrafficJam;32;32
TrafficJam;33;33
TrafficJam;34;34
TrafficJam;35;35
TrafficJam;36;36
TrafficJam;37;37
TrafficJam;38;38
TrafficJam;39;39
TrafficJam;40;40
TrafficJam;41;41
TrafficJam;42;42
TrafficJam;43;43
TrafficJam;44;44
TrafficJam;45;45
TrafficJam;46;46
TrafficJam;47;47
TrafficJam;48;48
TrafficJam;49;49
TrafficJam;50;50
TrafficJam;51;51
TrafficJam;52;52
TrafficJam;53;53
TrafficJam;54;54
TrafficJam;55;55
TrafficJam;56;56
TrafficJam;57;57
TrafficJam;58;58
TrafficJam;59;59
TrafficJam;60;60
TrafficJam;61;61
TrafficJam;62;62
TrafficJam;63;63
TrafficJam;64;64
TrafficJam;65;65
TrafficJam;66;66
TrafficJam;67;67
TrafficJam;68;68
TrafficJam;69;69
TrafficJam;70;70
TrafficJam;71;71
TrafficJam;72;72
TrafficJam;73;73
TrafficJam;74;74
TrafficJam;75;75
TrafficJam;76;76
TrafficJam;77;77
TrafficJam;78;78
TrafficJam;79;79
TrafficJam;80;80
TrafficJam;81;81
TrafficJam;82;82
TrafficJam;83;83
TrafficJam;84;84
TrafficJam;85;85
TrafficJam;86;86
TrafficJam;87;87
TrafficJam;88;88
TrafficJam;89;89
TrafficJam;90;90
TrafficJam;91;91
TrafficJam;92;92
TrafficJam;93;93
TrafficJam;94;94
TrafficJam;95;95
TrafficJam;96;96
TrafficJam;97;97
TrafficJam;98;98
TrafficJam;99;99
TrafficJam;100;100
TrafficJam;101;1
TrafficJam;102;2
TrafficJam;103;3
TrafficJam;104;4
TrafficJam;105;5
TrafficJam;106;6
TrafficJam;107;7
TrafficJam;108;8
TrafficJam;109;9
TrafficJam;110;10
TrafficJam;111;11
TrafficJam;112;12
TrafficJam;113;13
TrafficJam;114;14
TrafficJam;115;15
TrafficJam;116;16
TrafficJam;117;17
TrafficJam;118;18
TrafficJam;119;19
TrafficJam;120;20
TrafficJam;121;21
TrafficJam;122;22
TrafficJam;123;23
TrafficJam;124;24
TrafficJam;125;25
TrafficJam;126;26
TrafficJam;127;27
TrafficJam;128;28
TrafficJam;129;29
TrafficJam;130;30
TrafficJam;131;31
TrafficJam;132;32
TrafficJam;133;33
TrafficJam;134;34
TrafficJam;135;35
TrafficJam;136;36
TrafficJam;137;37
TrafficJam;138;38
TrafficJam;139;39
TrafficJam;140;40
TrafficJam;141;41
TrafficJam;142;42
TrafficJam;143;43
TrafficJam;144;44
TrafficJam;145;45
TrafficJam;146;46
TrafficJam;147;47
TrafficJam;148;48
TrafficJam;149;49
TrafficJam;150;50
TrafficJam;151;51
TrafficJam;152;52
TrafficJam;153;53
TrafficJam;154;54
TrafficJam;155;55
TrafficJam;156;56
TrafficJam;157;57
TrafficJam;158;58
TrafficJam;159;59
TrafficJam;160;60
TrafficJam;161;61
TrafficJam;162;62
TrafficJam;163;63
TrafficJam;164;64
TrafficJam;165;65
TrafficJam;166;66
TrafficJam;167;67
TrafficJam;168;68
TrafficJam;169;69
TrafficJam;170;70
TrafficJam;171;71
TrafficJam;172;72
TrafficJam;173;73
TrafficJam;174;74
TrafficJam;175;75
TrafficJam;176;76
TrafficJam;177;77
TrafficJam;178;78
TrafficJam;179;79
TrafficJam;180;80
TrafficJam;181;81
TrafficJam;182;82
TrafficJam;183;83
TrafficJam;184;84
TrafficJam;185;85
TrafficJam;186;86
TrafficJam;187;87
TrafficJam;188;88
TrafficJam;189;89
TrafficJam;190;90
TrafficJam;191;91
TrafficJam;192;92
TrafficJam;193;93
TrafficJam;194;94
TrafficJam;195;95
TrafficJam;196;96
TrafficJam;197;97
TrafficJam;198;98
TrafficJam;199;99
TrafficJam;200;100
TrafficJam;201;1
TrafficJam;202;2
TrafficJam;203;3
TrafficJam;204;4
TrafficJam;205;5
TrafficJam;206;6
TrafficJam;207;7
TrafficJam;208;8
TrafficJam;209;9
TrafficJam;210;10
TrafficJam;211;11
TrafficJam;212;12
TrafficJam;213;13
TrafficJam;214;14
TrafficJam;215;15
TrafficJam;216;16
TrafficJam;217;17
TrafficJam;218;18
TrafficJam;219;19
TrafficJam;220;20
TrafficJam;221;21
TrafficJam;222;22
TrafficJam;223;23
TrafficJam;224;24
TrafficJam;225;25
TrafficJam;226;26
TrafficJam;227;27
TrafficJam;228;28
TrafficJam;229;29
TrafficJam;230;30
TrafficJam;231;31
TrafficJam;232;32
TrafficJam;233;33
TrafficJam;234;34
TrafficJam;235;35
TrafficJam;236;36
TrafficJam;237;37
TrafficJam;238;38
TrafficJam;239;39
TrafficJam;240;40
TrafficJam;241;41
TrafficJam;242;42
TrafficJam;243;43
TrafficJam;244;44
TrafficJam;245;45
TrafficJam;246;46
TrafficJam;247;47
TrafficJam;248;48
TrafficJam;249;49
TrafficJam;250;50
TrafficJam;251;51
TrafficJam;252;52
TrafficJam;253;53
TrafficJam;254;54
TrafficJam;255;55
TrafficJam;256;56
TrafficJam;257;57
TrafficJam;258;58
TrafficJam;259;59
TrafficJam;260;60
TrafficJam;261;61
TrafficJam;262;62
TrafficJam;263;63
TrafficJam;264;64
TrafficJam;265;65
TrafficJam;266;66
TrafficJam;267;67
TrafficJam;268;68
TrafficJam;269;69
TrafficJam;270;70
TrafficJam;271;71
TrafficJam;272;72
TrafficJam;273;73
TrafficJam;274;74
TrafficJam;275;75
TrafficJam;276;76
TrafficJam;277;77
TrafficJam;278;78
TrafficJam;279;79
TrafficJam;280;80
TrafficJam;281;81
TrafficJam;282;82
TrafficJam;283;83
TrafficJam;284;84
TrafficJam;285;85
TrafficJam;286;86
TrafficJam;287;87
TrafficJam;288;88
TrafficJam;289;89
TrafficJam;290;90
TrafficJam;291;91
TrafficJam;292;92
TrafficJam;293;93
TrafficJam;294;94
TrafficJam;295;95
TrafficJam;296;96
TrafficJam;297;97
TrafficJam;298;98
TrafficJam;299;99
TrafficJam;300;100
TrafficJam;301;1
TrafficJam;302;2
TrafficJam;303;3
TrafficJam;304;4
TrafficJam;305;5
TrafficJam;306;6
TrafficJam;307;7
TrafficJam;308;8
TrafficJam;309;9
TrafficJam;310;10
TrafficJam;311;11
TrafficJam;312;12
TrafficJam;313;13
TrafficJam;314;14
TrafficJam;315;15
TrafficJam;316;16
TrafficJam;317;17
TrafficJam;318;18
TrafficJam;319;19
TrafficJam;320;20
TrafficJam;321;21
TrafficJam;322;22
TrafficJam;323;23
TrafficJam;324;24
TrafficJam;325;25
TrafficJam;326;26
TrafficJam;327;27
TrafficJam;328;28
TrafficJam;329;29
TrafficJam;330;30
TrafficJam;331;31
TrafficJam;332;32
TrafficJam;333;33
TrafficJam;334;34
TrafficJam;335;35
TrafficJam;336;36
TrafficJam;337;37
TrafficJam;338;38
TrafficJam;339;39
TrafficJam;340;40
TrafficJam;341;41
TrafficJam;342;42
TrafficJam;343;43
TrafficJam;344;44
TrafficJam;345;45
TrafficJam;346;46
TrafficJam;347;47
TrafficJam;348;48
TrafficJam;349;49
TrafficJam;350;50
TrafficJam;351;51
TrafficJam;352;52
TrafficJam;353;53
TrafficJam;354;54
TrafficJam;355;55
TrafficJam;356;56
TrafficJam;357;57
TrafficJam;358;58
TrafficJam;359;59
TrafficJam;360;60
TrafficJam;361;61
TrafficJam;362;62
TrafficJam;363;63
TrafficJam;364;64
TrafficJam;365;65
TrafficJam;366;66
TrafficJam;367;67
TrafficJam;368;68
TrafficJam;369;69
TrafficJam;370;70
TrafficJam;371;71
TrafficJam;372;72
TrafficJam;373;73
TrafficJam;374;74
TrafficJam;375;75
TrafficJam;376;76
TrafficJam;377;77
TrafficJam;378;78
TrafficJam;379;79
TrafficJam;380;80
TrafficJam;381;81
TrafficJam;382;82
TrafficJam;383;83
TrafficJam;384;84
TrafficJam;385;85
TrafficJam;386;86
TrafficJam;387;87
TrafficJam;388;88
TrafficJam;389;89
TrafficJam;390;90
TrafficJam;391;91
TrafficJam;392;92
TrafficJam;393;93
TrafficJam;394;94
TrafficJam;395;95
TrafficJam;396;96
TrafficJam;397;97
TrafficJam;398;98
TrafficJam;399;99
TrafficJam;400;100
TrafficJam;401;1
TrafficJam;402;2
TrafficJam;403;3
TrafficJam;404;4
TrafficJam;405;5
TrafficJam;406;6
TrafficJam;407;7
TrafficJam;408;8
TrafficJam;409;9
TrafficJam;410;10
TrafficJam;411;11
TrafficJam;412;12
TrafficJam;413;13
TrafficJam;414;14
TrafficJam;415;15
TrafficJam;416;16
TrafficJam;417;17
TrafficJam;418;18
TrafficJam;419;19
TrafficJam;420;20
TrafficJam;421;21
TrafficJam;422;22
TrafficJam;423;23
TrafficJam;424;24
TrafficJam;425;25
TrafficJam;426;26
TrafficJam;427;27
TrafficJam;428;28
TrafficJam;429;29
TrafficJam;430;30
TrafficJam;431;31
TrafficJam;432;32
TrafficJam;433;33
TrafficJam;434;34
TrafficJam;435;35
TrafficJam;436;36
TrafficJam;437;37
TrafficJam;438;38
TrafficJam;439;39
TrafficJam;440;40
TrafficJam;441;41
TrafficJam;442;42
TrafficJam;443;43
TrafficJam;444;44
TrafficJam;445;45
TrafficJam;446;46
TrafficJam;447;47
TrafficJam;448;48
TrafficJam;449;49
TrafficJam;450;50
TrafficJam;451;51
TrafficJam;452;52
TrafficJam;453;53
TrafficJam;454;54
TrafficJam;455;55
TrafficJam;456;56
TrafficJam;457;57
TrafficJam;458;58
TrafficJam;459;59
TrafficJam;460;60
TrafficJam;461;61
TrafficJam;462;62
TrafficJam;463;63
TrafficJam;464;64
TrafficJam;465;65
TrafficJam;466;66
TrafficJam;467;67
TrafficJam;468;68
TrafficJam;469;69
TrafficJam;470;70
TrafficJam;471;71
TrafficJam;472;72
TrafficJam;473;73
TrafficJam;474;74
TrafficJam;475;75
TrafficJam;476;76
TrafficJam;477;77
TrafficJam;478;78
TrafficJam;479;79
TrafficJam;480;80
TrafficJam;481;81
TrafficJam;482;82
TrafficJam;483;83
TrafficJam;484;84
TrafficJam;485;85
TrafficJam;486;86
TrafficJam;487;87
TrafficJam;488;88
TrafficJam;489;89
TrafficJam;490;90
TrafficJam;491;91
TrafficJam;492;92
TrafficJam;493;93
TrafficJam;494;94
TrafficJam;495;95
TrafficJam;496;96
TrafficJam;497;97
TrafficJam;498;98
TrafficJam;499;99
TrafficJam;500;100
TrafficJam;501;1
TrafficJam;502;2
TrafficJam;503;3
TrafficJam;504;4
TrafficJam;505;5
TrafficJam;506;6
TrafficJam;507;7
TrafficJam;508;8
TrafficJam;509;9
TrafficJam;510;10
TrafficJam;511;11
TrafficJam;512;12
TrafficJam;513;13
TrafficJam;514;14
TrafficJam;515;15
TrafficJam;516;16
TrafficJam;517;17
TrafficJam;518;18
TrafficJam;519;19
TrafficJam;520;20
TrafficJam;521;21
TrafficJam;522;22
TrafficJam;523;23
TrafficJam;524;24
TrafficJam;525;25
TrafficJam;526;26
TrafficJam;527;27
TrafficJam;528;28
TrafficJam;529;29
TrafficJam;530;30
TrafficJam;531;31
TrafficJam;532;32
TrafficJam;533;33
TrafficJam;534;34
TrafficJam;535;35
TrafficJam;536;36
TrafficJam;537;37
TrafficJam;538;38
TrafficJam;539;39
TrafficJam;540;40
TrafficJam;541;41
TrafficJam;542;42
TrafficJam;543;43
TrafficJam;544;44
TrafficJam;545;45
TrafficJam;546;46
TrafficJam;547;47
TrafficJam;548;48
TrafficJam;549;49
TrafficJam;550;50
TrafficJam;551;51
TrafficJam;552;52
TrafficJam;553;53
TrafficJam;554;54
TrafficJam;555;55
TrafficJam;556;56
TrafficJam;557;57
TrafficJam;558;58
TrafficJam;559;59
TrafficJam;560;60
TrafficJam;561;61
TrafficJam;562;62
TrafficJam;563;63
TrafficJam;564;64
TrafficJam;565;65
TrafficJam;566;66
TrafficJam;567;67
TrafficJam;568;68
TrafficJam;569;69
TrafficJam;570;70
TrafficJam;571;71
TrafficJam;572;72
TrafficJam;573;73
TrafficJam;574;74
TrafficJam;575;75
TrafficJam;576;76
TrafficJam;577;77
TrafficJam;578;78
TrafficJam;579;79
TrafficJam;580;80
TrafficJam;581;81
TrafficJam;582;82
TrafficJam;583;83
TrafficJam;584;84
TrafficJam;585;85
TrafficJam;586;86
TrafficJam;587;87
TrafficJam;588;88
TrafficJam;589;89
TrafficJam;590;90
TrafficJam;591;91
TrafficJam;592;92
TrafficJam;593;93
TrafficJam;594;94
TrafficJam;595;95
TrafficJam;596;96
TrafficJam;597;97
TrafficJam;598;98
TrafficJam;599;99
TrafficJam;600;100
TrafficJam;601;1
TrafficJam;602;2
TrafficJam;603;3
TrafficJam;604;4
TrafficJam;605;5
TrafficJam;606;6
TrafficJam;607;7
TrafficJam;608;8
TrafficJam;609;9
TrafficJam;610;10
TrafficJam;611;11
TrafficJam;612;12
TrafficJam;613;13
TrafficJam;614;14
TrafficJam;615;15
TrafficJam;616;16
TrafficJam;617;17
TrafficJam;618;18
TrafficJam;619;19
TrafficJam;620;20
TrafficJam;621;21
TrafficJam;622;22
TrafficJam;623;23
TrafficJam;624;24
TrafficJam;625;25
TrafficJam;626;26
TrafficJam;627;27
TrafficJam;628;28
TrafficJam;629;29
TrafficJam;630;30
TrafficJam;631;31
TrafficJam;632;32
TrafficJam;633;33
TrafficJam;634;34
TrafficJam;635;35
TrafficJam;636;36
TrafficJam;637;37
TrafficJam;638;38
TrafficJam;639;39
TrafficJam;640;40
TrafficJam;641;41
TrafficJam;642;42
TrafficJam;643;43
TrafficJam;644;44
TrafficJam;645;45
TrafficJam;646;46
TrafficJam;647;47
TrafficJam;648;48
TrafficJam;649;49
TrafficJam;650;50
TrafficJam;651;51
TrafficJam;652;52
TrafficJam;653;53
TrafficJam;654;54
TrafficJam;655;55
TrafficJam;656;56
TrafficJam;657;57
TrafficJam;658;58
TrafficJam;659;59
TrafficJam;660;60
TrafficJam;661;61
TrafficJam;662;62
TrafficJam;663;63
TrafficJam;664;64
TrafficJam;665;65
TrafficJam;666;66
TrafficJam;667;67
TrafficJam;668;68
TrafficJam;669;69
TrafficJam;670;70
TrafficJam;671;71
TrafficJam;672;72
TrafficJam;673;73
TrafficJam;674;74
TrafficJam;675;75
TrafficJam;676;76
TrafficJam;677;77
TrafficJam;678;78
TrafficJam;679;79
TrafficJam;680;80
TrafficJam;681;81
TrafficJam;682;82
TrafficJam;683;83
TrafficJam;684;84
TrafficJam;685;85
TrafficJam;686;86
TrafficJam;687;87
TrafficJam;688;88
TrafficJam;689;89
TrafficJam;690;90
TrafficJam;691;91
TrafficJam;692;92
TrafficJam;693;93
TrafficJam;694;94
TrafficJam;695;95
TrafficJam;696;96
TrafficJam;697;97
TrafficJam;698;98
TrafficJam;699;99
TrafficJam;700;100
TrafficJam;701;1
TrafficJam;702;2
TrafficJam;703;3
TrafficJam;704;4
TrafficJam;705;5
TrafficJam;706;6
TrafficJam;707;7
TrafficJam;708;8
TrafficJam;709;9
TrafficJam;710;10
TrafficJam;711;11
TrafficJam;712;12
TrafficJam;713;13
TrafficJam;714;14
TrafficJam;715;15
TrafficJam;716;16
TrafficJam;717;17
TrafficJam;718;18
TrafficJam;719;19
TrafficJam;720;20
TrafficJam;721;21
TrafficJam;722;22
TrafficJam;723;23
TrafficJam;724;24
TrafficJam;725;25
TrafficJam;726;26
TrafficJam;727;27
TrafficJam;728;28
TrafficJam;729;29
TrafficJam;730;30
TrafficJam;731;31
TrafficJam;732;32
TrafficJam;733;33
TrafficJam;734;34
TrafficJam;735;35
TrafficJam;736;36
TrafficJam;737;37
TrafficJam;738;38
TrafficJam;739;39
TrafficJam;740;40
TrafficJam;741;41
TrafficJam;742;42
TrafficJam;743;43
TrafficJam;744;44
TrafficJam;745;45
TrafficJam;746;46
TrafficJam;747;47
TrafficJam;748;48
TrafficJam;749;49
TrafficJam;750;50
TrafficJam;751;51
TrafficJam;752;52
TrafficJam;753;53
TrafficJam;754;54
TrafficJam;755;55
TrafficJam;756;56
TrafficJam;757;57
TrafficJam;758;58
TrafficJam;759;59
TrafficJam;760;60
TrafficJam;761;61
TrafficJam;762;62
TrafficJam;763;63
TrafficJam;764;64
TrafficJam;765;65
TrafficJam;766;66
TrafficJam;767;67
TrafficJam;768;68
TrafficJam;769;69
TrafficJam;770;70
TrafficJam;771;71
TrafficJam;772;72
TrafficJam;773;73
TrafficJam;774;74
TrafficJam;775;75
TrafficJam;776;76
TrafficJam;777;77
TrafficJam;778;78
TrafficJam;779;79
TrafficJam;780;80
TrafficJam;781;81
TrafficJam;782;82
TrafficJam;783;83
TrafficJam;784;84
TrafficJam;785;85
TrafficJam;786;86
TrafficJam;787;87
TrafficJam;788;88
TrafficJam;789;89
TrafficJam;790;90
TrafficJam;791;91
TrafficJam;792;92
TrafficJam;793;93
TrafficJam;794;94
TrafficJam;795;95
TrafficJam;796;96
TrafficJam;797;97
TrafficJam;798;98
TrafficJam;799;99
TrafficJam;800;100
TrafficJam;801;1
TrafficJam;802;2
TrafficJam;803;3
TrafficJam;804;4
TrafficJam;805;5
TrafficJam;806;6
TrafficJam;807;7
TrafficJam;808;8
TrafficJam;809;9
TrafficJam;810;10
TrafficJam;811;11
TrafficJam;812;12
TrafficJam;813;13
TrafficJam;814;14
TrafficJam;815;15
TrafficJam;816;16
TrafficJam;817;17
TrafficJam;818;18
TrafficJam;819;19
TrafficJam;820;20
TrafficJam;821;21
TrafficJam;822;22
TrafficJam;823;23
TrafficJam;824;24
TrafficJam;825;25
TrafficJam;826;26
TrafficJam;827;27
TrafficJam;828;28
TrafficJam;829;29
TrafficJam;830;30
TrafficJam;831;31
TrafficJam;832;32
TrafficJam;833;33
TrafficJam;834;34
TrafficJam;835;35
TrafficJam;836;36
TrafficJam;837;37
TrafficJam;838;38
TrafficJam;839;39
TrafficJam;840;40
TrafficJam;841;41
TrafficJam;842;42
TrafficJam;843;43
TrafficJam;844;44
TrafficJam;845;45
TrafficJam;846;46
TrafficJam;847;47
TrafficJam;848;48
TrafficJam;849;49
TrafficJam;850;50
TrafficJam;851;51
TrafficJam;852;52
TrafficJam;853;53
TrafficJam;854;54
TrafficJam;855;55
TrafficJam;856;56
TrafficJam;857;57
TrafficJam;858;58
TrafficJam;859;59
TrafficJam;860;60
TrafficJam;861;61
TrafficJam;862;62
TrafficJam;863;63
TrafficJam;864;64
TrafficJam;865;65
TrafficJam;866;66
TrafficJam;867;67
TrafficJam;868;68
TrafficJam;869;69
TrafficJam;870;70
TrafficJam;871;71
TrafficJam;872;72
TrafficJam;873;73
TrafficJam;874;74
TrafficJam;875;75
TrafficJam;876;76
TrafficJam;877;77
TrafficJam;878;78
TrafficJam;879;79
TrafficJam;880;80
TrafficJam;881;81
TrafficJam;882;82
TrafficJam;883;83
TrafficJam;884;84
TrafficJam;885;85
TrafficJam;886;86
TrafficJam;887;87
TrafficJam;888;88
TrafficJam;889;89
TrafficJam;890;90
TrafficJam;891;91
TrafficJam;892;92
TrafficJam;893;93
TrafficJam;894;94
TrafficJam;895;95
TrafficJam;896;96
TrafficJam;897;97
TrafficJam;898;98
TrafficJam;899;99
TrafficJam;900;100
TrafficJam;901;1
TrafficJam;902;2
TrafficJam;903;3
TrafficJam;904;4
TrafficJam;905;5
TrafficJam;906;6
TrafficJam;907;7
TrafficJam;908;8
TrafficJam;909;9
TrafficJam;910;10
TrafficJam;911;11
TrafficJam;912;12
TrafficJam;913;13
TrafficJam;914;14
TrafficJam;915;15
TrafficJam;916;16
TrafficJam;917;17
TrafficJam;918;18
TrafficJam;919;19
TrafficJam;920;20
TrafficJam;921;21
TrafficJam;922;22
TrafficJam;923;23
TrafficJam;924;24
TrafficJam;925;25
TrafficJam;926;26
TrafficJam;927;27
TrafficJam;928;28
TrafficJam;929;29
TrafficJam;930;30
TrafficJam;931;31
TrafficJam;932;32
TrafficJam;933;33
TrafficJam;934;34
TrafficJam;935;35
TrafficJam;936;36
TrafficJam;937;37
TrafficJam;938;38
TrafficJam;939;39
TrafficJam;940;40
TrafficJam;941;41
TrafficJam;942;42
TrafficJam;943;43
TrafficJam;944;44
TrafficJam;945;45
TrafficJam;946;46
TrafficJam;947;47
TrafficJam;948;48
TrafficJam;949;49
TrafficJam;950;50
TrafficJam;951;51
TrafficJam;952;52
TrafficJam;953;53
TrafficJam;954;54
TrafficJam;955;55
TrafficJam;956;56
TrafficJam;957;57
TrafficJam;958;58
TrafficJam;959;59
TrafficJam;960;60
TrafficJam;961;61
TrafficJam;962;62
TrafficJam;963;63
TrafficJam;964;64
TrafficJam;965;65
TrafficJam;966;66
TrafficJam;967;67
TrafficJam;968;68
TrafficJam;969;69
TrafficJam;970;70
TrafficJam;971;71
TrafficJam;972;72
TrafficJam;973;73
TrafficJam;974;74
TrafficJam;975;75
TrafficJam;976;76
TrafficJam;977;77
TrafficJam;978;78
TrafficJam;979;79
TrafficJam;980;80
TrafficJam;981;81
TrafficJam;982;82
TrafficJam;983;83
TrafficJam;984;84
TrafficJam;985;85
TrafficJam;986;86
TrafficJam;987;87
TrafficJam;988;88
TrafficJam;989;89
TrafficJam;990;90
TrafficJam;991;91
TrafficJam;992;92
TrafficJam;993;93
TrafficJam;994;94
TrafficJam;995;95
TrafficJam;996;96
TrafficJam;997;97
TrafficJam;998;98
TrafficJam;999;99
TrafficJam;1000;100